<?xml version="1.0" encoding="UTF-8"?><ImplementationGuide xmlns="http://hl7.org/fhir"><id value="fhir.healthlink"/><text><status value="extensions"/><div xmlns="http://www.w3.org/1999/xhtml"><h2>HealthlinkIG</h2><p>The official URL for this implementation guide is: </p><pre>https://www.healthlink.go.th/fhir/ImplementationGuide/fhir.healthlink</pre><div><p>Describes how Health Link define data standard and operation</p>
</div></div></text><url value="https://www.healthlink.go.th/fhir/ImplementationGuide/fhir.healthlink"/><version value="0.4.3"/><name value="HealthlinkIG"/><title value="Health Link Implementation Guide"/><status value="draft"/><date value="2022-05-23T16:42:36+07:00"/><publisher value="Healthink"/><contact><name value="Healthink"/><telecom><system value="url"/><value value="https://healthlink.go.th/"/></telecom></contact><description value="Describes how Health Link define data standard and operation"/><jurisdiction><coding><system value="urn:iso:std:iso:3166"/><code value="TH"/><display value="Thailand"/></coding></jurisdiction><packageId value="fhir.healthlink"/><license value="CC0-1.0"/><fhirVersion value="4.0.1"/><dependsOn id="hl7tx"><uri value="http://terminology.hl7.org/ImplementationGuide/hl7.terminology"/><packageId value="hl7.terminology.r4"/><version value="3.1.0"/></dependsOn><definition><extension url="http://hl7.org/fhir/tools/StructureDefinition/ig-parameter"><extension url="code"><valueString value="copyrightyear"/></extension><extension url="value"><valueString value="2022+"/></extension></extension><extension url="http://hl7.org/fhir/tools/StructureDefinition/ig-parameter"><extension url="code"><valueString value="releaselabel"/></extension><extension url="value"><valueString value="ci-build"/></extension></extension><extension url="http://hl7.org/fhir/tools/StructureDefinition/ig-parameter"><extension url="code"><valueString value="path-liquid"/></extension><extension url="value"><valueString value="template/liquid"/></extension></extension><extension url="http://hl7.org/fhir/tools/StructureDefinition/ig-parameter"><extension url="code"><valueString value="path-liquid"/></extension><extension url="value"><valueString value="input/liquid"/></extension></extension><extension url="http://hl7.org/fhir/tools/StructureDefinition/ig-parameter"><extension url="code"><valueString value="path-qa"/></extension><extension url="value"><valueString value="temp/qa"/></extension></extension><extension url="http://hl7.org/fhir/tools/StructureDefinition/ig-parameter"><extension url="code"><valueString value="path-temp"/></extension><extension url="value"><valueString value="temp/pages"/></extension></extension><extension url="http://hl7.org/fhir/tools/StructureDefinition/ig-parameter"><extension url="code"><valueString value="path-output"/></extension><extension url="value"><valueString value="output"/></extension></extension><extension url="http://hl7.org/fhir/tools/StructureDefinition/ig-parameter"><extension url="code"><valueString value="path-suppressed-warnings"/></extension><extension url="value"><valueString value="input/ignoreWarnings.txt"/></extension></extension><extension url="http://hl7.org/fhir/tools/StructureDefinition/ig-parameter"><extension url="code"><valueString value="path-history"/></extension><extension url="value"><valueString value="https://www.healthlink.go.th/fhir/history.html"/></extension></extension><extension url="http://hl7.org/fhir/tools/StructureDefinition/ig-parameter"><extension url="code"><valueString value="template-html"/></extension><extension url="value"><valueString value="template-page.html"/></extension></extension><extension url="http://hl7.org/fhir/tools/StructureDefinition/ig-parameter"><extension url="code"><valueString value="template-md"/></extension><extension url="value"><valueString value="template-page-md.html"/></extension></extension><extension url="http://hl7.org/fhir/tools/StructureDefinition/ig-parameter"><extension url="code"><valueString value="apply-contact"/></extension><extension url="value"><valueString value="true"/></extension></extension><extension url="http://hl7.org/fhir/tools/StructureDefinition/ig-parameter"><extension url="code"><valueString value="apply-context"/></extension><extension url="value"><valueString value="true"/></extension></extension><extension url="http://hl7.org/fhir/tools/StructureDefinition/ig-parameter"><extension url="code"><valueString value="apply-copyright"/></extension><extension url="value"><valueString value="true"/></extension></extension><extension url="http://hl7.org/fhir/tools/StructureDefinition/ig-parameter"><extension url="code"><valueString value="apply-jurisdiction"/></extension><extension url="value"><valueString value="true"/></extension></extension><extension url="http://hl7.org/fhir/tools/StructureDefinition/ig-parameter"><extension url="code"><valueString value="apply-license"/></extension><extension url="value"><valueString value="true"/></extension></extension><extension url="http://hl7.org/fhir/tools/StructureDefinition/ig-parameter"><extension url="code"><valueString value="apply-publisher"/></extension><extension url="value"><valueString value="true"/></extension></extension><extension url="http://hl7.org/fhir/tools/StructureDefinition/ig-parameter"><extension url="code"><valueString value="apply-version"/></extension><extension url="value"><valueString value="true"/></extension></extension><extension url="http://hl7.org/fhir/tools/StructureDefinition/ig-parameter"><extension url="code"><valueString value="active-tables"/></extension><extension url="value"><valueString value="true"/></extension></extension><extension url="http://hl7.org/fhir/tools/StructureDefinition/ig-parameter"><extension url="code"><valueString value="fmm-definition"/></extension><extension url="value"><valueString value="http://hl7.org/fhir/versions.html#maturity"/></extension></extension><extension url="http://hl7.org/fhir/tools/StructureDefinition/ig-parameter"><extension url="code"><valueString value="propagate-status"/></extension><extension url="value"><valueString value="true"/></extension></extension><extension url="http://hl7.org/fhir/tools/StructureDefinition/ig-parameter"><extension url="code"><valueString value="excludelogbinaryformat"/></extension><extension url="value"><valueString value="true"/></extension></extension><grouping id="-str-profile"><name value="Structures: Resource Profiles"/><description value="These define constraints on FHIR resources for systems conforming to this implementation guide"/></grouping><grouping id="-str-extension"><name value="Structures: Extension Definitions"/><description value="These define constraints on FHIR data types for systems conforming to this implementation guide"/></grouping><resource><extension url="http://hl7.org/fhir/StructureDefinition/implementationguide-page"><valueUri value="StructureDefinition-HealthLinkAllergyIntolerance.html"/></extension><reference><reference value="StructureDefinition/HealthLinkAllergyIntolerance"/></reference><name value="Health Link AllergyIntolerance Profile"/><exampleBoolean value="false"/><groupingId value="-str-profile"/></resource><resource><extension url="http://hl7.org/fhir/StructureDefinition/implementationguide-page"><valueUri value="StructureDefinition-HealthLinkCondition.html"/></extension><reference><reference value="StructureDefinition/HealthLinkCondition"/></reference><name value="Health Link Condition Profile"/><exampleBoolean value="false"/><groupingId value="-str-profile"/></resource><resource><extension url="http://hl7.org/fhir/StructureDefinition/implementationguide-page"><valueUri value="StructureDefinition-HealthLinkDiagnosticReport.html"/></extension><reference><reference value="StructureDefinition/HealthLinkDiagnosticReport"/></reference><name value="Health Link DiagnosticReport Profile"/><exampleBoolean value="false"/><groupingId value="-str-profile"/></resource><resource><extension url="http://hl7.org/fhir/StructureDefinition/implementationguide-page"><valueUri value="StructureDefinition-HealthLinkDocumentReference.html"/></extension><reference><reference value="StructureDefinition/HealthLinkDocumentReference"/></reference><name value="Health Link DocumentReference Profile"/><exampleBoolean value="false"/><groupingId value="-str-profile"/></resource><resource><extension url="http://hl7.org/fhir/StructureDefinition/implementationguide-page"><valueUri value="StructureDefinition-HealthLinkEncounter.html"/></extension><reference><reference value="StructureDefinition/HealthLinkEncounter"/></reference><name value="Health Link Encounter Profile"/><exampleBoolean value="false"/><groupingId value="-str-profile"/></resource><resource><extension url="http://hl7.org/fhir/StructureDefinition/implementationguide-page"><valueUri value="StructureDefinition-HealthLinkIPSComposition.html"/></extension><reference><reference value="StructureDefinition/HealthLinkIPSComposition"/></reference><name value="Health Link IPS Composition Profile"/><exampleBoolean value="false"/><groupingId value="-str-profile"/></resource><resource><extension url="http://hl7.org/fhir/StructureDefinition/implementationguide-page"><valueUri value="StructureDefinition-HealthLinkImmunization.html"/></extension><reference><reference value="StructureDefinition/HealthLinkImmunization"/></reference><name value="Health Link Immunization Profile"/><exampleBoolean value="false"/><groupingId value="-str-profile"/></resource><resource><extension url="http://hl7.org/fhir/StructureDefinition/implementationguide-page"><valueUri value="StructureDefinition-HealthLinkMedicationStatement.html"/></extension><reference><reference value="StructureDefinition/HealthLinkMedicationStatement"/></reference><name value="Health Link MedicationStatement Profile"/><exampleBoolean value="false"/><groupingId value="-str-profile"/></resource><resource><extension url="http://hl7.org/fhir/StructureDefinition/implementationguide-page"><valueUri value="StructureDefinition-HealthLinkObservation.html"/></extension><reference><reference value="StructureDefinition/HealthLinkObservation"/></reference><name value="Health Link Observation Profile"/><exampleBoolean value="false"/><groupingId value="-str-profile"/></resource><resource><extension url="http://hl7.org/fhir/StructureDefinition/implementationguide-page"><valueUri value="StructureDefinition-HealthLinkOrganization.html"/></extension><reference><reference value="StructureDefinition/HealthLinkOrganization"/></reference><name value="Health Link Organization Profile"/><exampleBoolean value="false"/><groupingId value="-str-profile"/></resource><resource><extension url="http://hl7.org/fhir/StructureDefinition/implementationguide-page"><valueUri value="StructureDefinition-HealthLinkPatient.html"/></extension><reference><reference value="StructureDefinition/HealthLinkPatient"/></reference><name value="Health Link Patient Profile"/><exampleBoolean value="false"/><groupingId value="-str-profile"/></resource><resource><extension url="http://hl7.org/fhir/StructureDefinition/implementationguide-page"><valueUri value="StructureDefinition-HealthLinkProcedure.html"/></extension><reference><reference value="StructureDefinition/HealthLinkProcedure"/></reference><name value="Health Link Procedure Profile"/><exampleBoolean value="false"/><groupingId value="-str-profile"/></resource><resource><extension url="http://hl7.org/fhir/StructureDefinition/implementationguide-page"><valueUri value="StructureDefinition-HealthLinkVisitComposition.html"/></extension><reference><reference value="StructureDefinition/HealthLinkVisitComposition"/></reference><name value="Health Link Visit Composition Profile"/><exampleBoolean value="false"/><groupingId value="-str-profile"/></resource><resource><extension url="http://hl7.org/fhir/StructureDefinition/implementationguide-page"><valueUri value="StructureDefinition-HealthLinkMedicationQuantity.html"/></extension><reference><reference value="StructureDefinition/HealthLinkMedicationQuantity"/></reference><name value="Health Link Medication Quantity"/><description value="Quantity of the medication ordered in the MedicationStatement"/><exampleBoolean value="false"/><groupingId value="-str-extension"/></resource><page><nameUrl value="toc.html"/><title value="Table of Contents"/><generation value="html"/><page><nameUrl value="index.html"/><title value="Home"/><generation value="markdown"/></page><page><nameUrl value="artifacts.html"/><title value="Artifacts Summary"/><generation value="html"/><page><nameUrl value="StructureDefinition-HealthLinkAllergyIntolerance.html"/><title value="Health Link AllergyIntolerance Profile"/><generation value="generated"/></page><page><nameUrl value="StructureDefinition-HealthLinkCondition.html"/><title value="Health Link Condition Profile"/><generation value="generated"/></page><page><nameUrl value="StructureDefinition-HealthLinkDiagnosticReport.html"/><title value="Health Link DiagnosticReport Profile"/><generation value="generated"/></page><page><nameUrl value="StructureDefinition-HealthLinkDocumentReference.html"/><title value="Health Link DocumentReference Profile"/><generation value="generated"/></page><page><nameUrl value="StructureDefinition-HealthLinkEncounter.html"/><title value="Health Link Encounter Profile"/><generation value="generated"/></page><page><nameUrl value="StructureDefinition-HealthLinkIPSComposition.html"/><title value="Health Link IPS Composition Profile"/><generation value="generated"/></page><page><nameUrl value="StructureDefinition-HealthLinkImmunization.html"/><title value="Health Link Immunization Profile"/><generation value="generated"/></page><page><nameUrl value="StructureDefinition-HealthLinkMedicationStatement.html"/><title value="Health Link MedicationStatement Profile"/><generation value="generated"/></page><page><nameUrl value="StructureDefinition-HealthLinkObservation.html"/><title value="Health Link Observation Profile"/><generation value="generated"/></page><page><nameUrl value="StructureDefinition-HealthLinkOrganization.html"/><title value="Health Link Organization Profile"/><generation value="generated"/></page><page><nameUrl value="StructureDefinition-HealthLinkPatient.html"/><title value="Health Link Patient Profile"/><generation value="generated"/></page><page><nameUrl value="StructureDefinition-HealthLinkProcedure.html"/><title value="Health Link Procedure Profile"/><generation value="generated"/></page><page><nameUrl value="StructureDefinition-HealthLinkVisitComposition.html"/><title value="Health Link Visit Composition Profile"/><generation value="generated"/></page><page><nameUrl value="StructureDefinition-HealthLinkMedicationQuantity.html"/><title value="Health Link Medication Quantity"/><generation value="generated"/></page></page></page><parameter><code value="path-resource"/><value value="input/capabilities"/></parameter><parameter><code value="path-resource"/><value value="input/examples"/></parameter><parameter><code value="path-resource"/><value value="input/extensions"/></parameter><parameter><code value="path-resource"/><value value="input/models"/></parameter><parameter><code value="path-resource"/><value value="input/operations"/></parameter><parameter><code value="path-resource"/><value value="input/profiles"/></parameter><parameter><code value="path-resource"/><value value="input/resources"/></parameter><parameter><code value="path-resource"/><value value="input/vocabulary"/></parameter><parameter><code value="path-resource"/><value value="input/maps"/></parameter><parameter><code value="path-resource"/><value value="input/testing"/></parameter><parameter><code value="path-resource"/><value value="input/history"/></parameter><parameter><code value="path-resource"/><value value="fsh-generated/resources"/></parameter><parameter><code value="path-pages"/><value value="template/config"/></parameter><parameter><code value="path-pages"/><value value="input/images"/></parameter><parameter><code value="path-tx-cache"/><value value="input-cache/txcache"/></parameter></definition></ImplementationGuide>