{"resourceType":"ImplementationGuide","id":"fhir.healthlink","text":{"status":"extensions","div":"<div xmlns=\"http://www.w3.org/1999/xhtml\"><h2>HealthlinkIG</h2><p>The official URL for this implementation guide is: </p><pre>https://www.healthlink.go.th/fhir/ImplementationGuide/fhir.healthlink</pre><div><p>Describes how Health Link define data standard and operation</p>\n</div></div>"},"url":"https://www.healthlink.go.th/fhir/ImplementationGuide/fhir.healthlink","version":"0.4.3","name":"HealthlinkIG","title":"Health Link Implementation Guide","status":"draft","date":"2022-05-23T16:42:36+07:00","publisher":"Healthink","contact":[{"name":"Healthink","telecom":[{"system":"url","value":"https://healthlink.go.th/"}]}],"description":"Describes how Health Link define data standard and operation","jurisdiction":[{"coding":[{"system":"urn:iso:std:iso:3166","code":"TH","display":"Thailand"}]}],"packageId":"fhir.healthlink","license":"CC0-1.0","fhirVersion":["4.0.1"],"dependsOn":[{"id":"hl7tx","uri":"http://terminology.hl7.org/ImplementationGuide/hl7.terminology","packageId":"hl7.terminology.r4","version":"3.1.0"}],"definition":{"extension":[{"extension":[{"url":"code","valueString":"copyrightyear"},{"url":"value","valueString":"2022+"}],"url":"http://hl7.org/fhir/tools/StructureDefinition/ig-parameter"},{"extension":[{"url":"code","valueString":"releaselabel"},{"url":"value","valueString":"ci-build"}],"url":"http://hl7.org/fhir/tools/StructureDefinition/ig-parameter"},{"extension":[{"url":"code","valueString":"path-liquid"},{"url":"value","valueString":"template/liquid"}],"url":"http://hl7.org/fhir/tools/StructureDefinition/ig-parameter"},{"extension":[{"url":"code","valueString":"path-liquid"},{"url":"value","valueString":"input/liquid"}],"url":"http://hl7.org/fhir/tools/StructureDefinition/ig-parameter"},{"extension":[{"url":"code","valueString":"path-qa"},{"url":"value","valueString":"temp/qa"}],"url":"http://hl7.org/fhir/tools/StructureDefinition/ig-parameter"},{"extension":[{"url":"code","valueString":"path-temp"},{"url":"value","valueString":"temp/pages"}],"url":"http://hl7.org/fhir/tools/StructureDefinition/ig-parameter"},{"extension":[{"url":"code","valueString":"path-output"},{"url":"value","valueString":"output"}],"url":"http://hl7.org/fhir/tools/StructureDefinition/ig-parameter"},{"extension":[{"url":"code","valueString":"path-suppressed-warnings"},{"url":"value","valueString":"input/ignoreWarnings.txt"}],"url":"http://hl7.org/fhir/tools/StructureDefinition/ig-parameter"},{"extension":[{"url":"code","valueString":"path-history"},{"url":"value","valueString":"https://www.healthlink.go.th/fhir/history.html"}],"url":"http://hl7.org/fhir/tools/StructureDefinition/ig-parameter"},{"extension":[{"url":"code","valueString":"template-html"},{"url":"value","valueString":"template-page.html"}],"url":"http://hl7.org/fhir/tools/StructureDefinition/ig-parameter"},{"extension":[{"url":"code","valueString":"template-md"},{"url":"value","valueString":"template-page-md.html"}],"url":"http://hl7.org/fhir/tools/StructureDefinition/ig-parameter"},{"extension":[{"url":"code","valueString":"apply-contact"},{"url":"value","valueString":"true"}],"url":"http://hl7.org/fhir/tools/StructureDefinition/ig-parameter"},{"extension":[{"url":"code","valueString":"apply-context"},{"url":"value","valueString":"true"}],"url":"http://hl7.org/fhir/tools/StructureDefinition/ig-parameter"},{"extension":[{"url":"code","valueString":"apply-copyright"},{"url":"value","valueString":"true"}],"url":"http://hl7.org/fhir/tools/StructureDefinition/ig-parameter"},{"extension":[{"url":"code","valueString":"apply-jurisdiction"},{"url":"value","valueString":"true"}],"url":"http://hl7.org/fhir/tools/StructureDefinition/ig-parameter"},{"extension":[{"url":"code","valueString":"apply-license"},{"url":"value","valueString":"true"}],"url":"http://hl7.org/fhir/tools/StructureDefinition/ig-parameter"},{"extension":[{"url":"code","valueString":"apply-publisher"},{"url":"value","valueString":"true"}],"url":"http://hl7.org/fhir/tools/StructureDefinition/ig-parameter"},{"extension":[{"url":"code","valueString":"apply-version"},{"url":"value","valueString":"true"}],"url":"http://hl7.org/fhir/tools/StructureDefinition/ig-parameter"},{"extension":[{"url":"code","valueString":"active-tables"},{"url":"value","valueString":"true"}],"url":"http://hl7.org/fhir/tools/StructureDefinition/ig-parameter"},{"extension":[{"url":"code","valueString":"fmm-definition"},{"url":"value","valueString":"http://hl7.org/fhir/versions.html#maturity"}],"url":"http://hl7.org/fhir/tools/StructureDefinition/ig-parameter"},{"extension":[{"url":"code","valueString":"propagate-status"},{"url":"value","valueString":"true"}],"url":"http://hl7.org/fhir/tools/StructureDefinition/ig-parameter"},{"extension":[{"url":"code","valueString":"excludelogbinaryformat"},{"url":"value","valueString":"true"}],"url":"http://hl7.org/fhir/tools/StructureDefinition/ig-parameter"}],"grouping":[{"id":"-str-profile","name":"Structures: Resource Profiles","description":"These define constraints on FHIR resources for systems conforming to this implementation guide"},{"id":"-str-extension","name":"Structures: Extension Definitions","description":"These define constraints on FHIR data types for systems conforming to this implementation guide"}],"resource":[{"extension":[{"url":"http://hl7.org/fhir/StructureDefinition/implementationguide-page","valueUri":"StructureDefinition-HealthLinkAllergyIntolerance.html"}],"reference":{"reference":"StructureDefinition/HealthLinkAllergyIntolerance"},"name":"Health Link AllergyIntolerance Profile","exampleBoolean":false,"groupingId":"-str-profile"},{"extension":[{"url":"http://hl7.org/fhir/StructureDefinition/implementationguide-page","valueUri":"StructureDefinition-HealthLinkCondition.html"}],"reference":{"reference":"StructureDefinition/HealthLinkCondition"},"name":"Health Link Condition Profile","exampleBoolean":false,"groupingId":"-str-profile"},{"extension":[{"url":"http://hl7.org/fhir/StructureDefinition/implementationguide-page","valueUri":"StructureDefinition-HealthLinkDiagnosticReport.html"}],"reference":{"reference":"StructureDefinition/HealthLinkDiagnosticReport"},"name":"Health Link DiagnosticReport Profile","exampleBoolean":false,"groupingId":"-str-profile"},{"extension":[{"url":"http://hl7.org/fhir/StructureDefinition/implementationguide-page","valueUri":"StructureDefinition-HealthLinkDocumentReference.html"}],"reference":{"reference":"StructureDefinition/HealthLinkDocumentReference"},"name":"Health Link DocumentReference Profile","exampleBoolean":false,"groupingId":"-str-profile"},{"extension":[{"url":"http://hl7.org/fhir/StructureDefinition/implementationguide-page","valueUri":"StructureDefinition-HealthLinkEncounter.html"}],"reference":{"reference":"StructureDefinition/HealthLinkEncounter"},"name":"Health Link Encounter Profile","exampleBoolean":false,"groupingId":"-str-profile"},{"extension":[{"url":"http://hl7.org/fhir/StructureDefinition/implementationguide-page","valueUri":"StructureDefinition-HealthLinkIPSComposition.html"}],"reference":{"reference":"StructureDefinition/HealthLinkIPSComposition"},"name":"Health Link IPS Composition Profile","exampleBoolean":false,"groupingId":"-str-profile"},{"extension":[{"url":"http://hl7.org/fhir/StructureDefinition/implementationguide-page","valueUri":"StructureDefinition-HealthLinkImmunization.html"}],"reference":{"reference":"StructureDefinition/HealthLinkImmunization"},"name":"Health Link Immunization Profile","exampleBoolean":false,"groupingId":"-str-profile"},{"extension":[{"url":"http://hl7.org/fhir/StructureDefinition/implementationguide-page","valueUri":"StructureDefinition-HealthLinkMedicationStatement.html"}],"reference":{"reference":"StructureDefinition/HealthLinkMedicationStatement"},"name":"Health Link MedicationStatement Profile","exampleBoolean":false,"groupingId":"-str-profile"},{"extension":[{"url":"http://hl7.org/fhir/StructureDefinition/implementationguide-page","valueUri":"StructureDefinition-HealthLinkObservation.html"}],"reference":{"reference":"StructureDefinition/HealthLinkObservation"},"name":"Health Link Observation Profile","exampleBoolean":false,"groupingId":"-str-profile"},{"extension":[{"url":"http://hl7.org/fhir/StructureDefinition/implementationguide-page","valueUri":"StructureDefinition-HealthLinkOrganization.html"}],"reference":{"reference":"StructureDefinition/HealthLinkOrganization"},"name":"Health Link Organization Profile","exampleBoolean":false,"groupingId":"-str-profile"},{"extension":[{"url":"http://hl7.org/fhir/StructureDefinition/implementationguide-page","valueUri":"StructureDefinition-HealthLinkPatient.html"}],"reference":{"reference":"StructureDefinition/HealthLinkPatient"},"name":"Health Link Patient Profile","exampleBoolean":false,"groupingId":"-str-profile"},{"extension":[{"url":"http://hl7.org/fhir/StructureDefinition/implementationguide-page","valueUri":"StructureDefinition-HealthLinkProcedure.html"}],"reference":{"reference":"StructureDefinition/HealthLinkProcedure"},"name":"Health Link Procedure Profile","exampleBoolean":false,"groupingId":"-str-profile"},{"extension":[{"url":"http://hl7.org/fhir/StructureDefinition/implementationguide-page","valueUri":"StructureDefinition-HealthLinkVisitComposition.html"}],"reference":{"reference":"StructureDefinition/HealthLinkVisitComposition"},"name":"Health Link Visit Composition Profile","exampleBoolean":false,"groupingId":"-str-profile"},{"extension":[{"url":"http://hl7.org/fhir/StructureDefinition/implementationguide-page","valueUri":"StructureDefinition-HealthLinkMedicationQuantity.html"}],"reference":{"reference":"StructureDefinition/HealthLinkMedicationQuantity"},"name":"Health Link Medication Quantity","description":"Quantity of the medication ordered in the MedicationStatement","exampleBoolean":false,"groupingId":"-str-extension"}],"page":{"nameUrl":"toc.html","title":"Table of Contents","generation":"html","page":[{"nameUrl":"index.html","title":"Home","generation":"markdown"},{"nameUrl":"artifacts.html","title":"Artifacts Summary","generation":"html","page":[{"nameUrl":"StructureDefinition-HealthLinkAllergyIntolerance.html","title":"Health Link AllergyIntolerance Profile","generation":"generated"},{"nameUrl":"StructureDefinition-HealthLinkCondition.html","title":"Health Link Condition Profile","generation":"generated"},{"nameUrl":"StructureDefinition-HealthLinkDiagnosticReport.html","title":"Health Link DiagnosticReport Profile","generation":"generated"},{"nameUrl":"StructureDefinition-HealthLinkDocumentReference.html","title":"Health Link DocumentReference Profile","generation":"generated"},{"nameUrl":"StructureDefinition-HealthLinkEncounter.html","title":"Health Link Encounter Profile","generation":"generated"},{"nameUrl":"StructureDefinition-HealthLinkIPSComposition.html","title":"Health Link IPS Composition Profile","generation":"generated"},{"nameUrl":"StructureDefinition-HealthLinkImmunization.html","title":"Health Link Immunization Profile","generation":"generated"},{"nameUrl":"StructureDefinition-HealthLinkMedicationStatement.html","title":"Health Link MedicationStatement Profile","generation":"generated"},{"nameUrl":"StructureDefinition-HealthLinkObservation.html","title":"Health Link Observation Profile","generation":"generated"},{"nameUrl":"StructureDefinition-HealthLinkOrganization.html","title":"Health Link Organization Profile","generation":"generated"},{"nameUrl":"StructureDefinition-HealthLinkPatient.html","title":"Health Link Patient Profile","generation":"generated"},{"nameUrl":"StructureDefinition-HealthLinkProcedure.html","title":"Health Link Procedure Profile","generation":"generated"},{"nameUrl":"StructureDefinition-HealthLinkVisitComposition.html","title":"Health Link Visit Composition Profile","generation":"generated"},{"nameUrl":"StructureDefinition-HealthLinkMedicationQuantity.html","title":"Health Link Medication Quantity","generation":"generated"}]}]},"parameter":[{"code":"path-resource","value":"input/capabilities"},{"code":"path-resource","value":"input/examples"},{"code":"path-resource","value":"input/extensions"},{"code":"path-resource","value":"input/models"},{"code":"path-resource","value":"input/operations"},{"code":"path-resource","value":"input/profiles"},{"code":"path-resource","value":"input/resources"},{"code":"path-resource","value":"input/vocabulary"},{"code":"path-resource","value":"input/maps"},{"code":"path-resource","value":"input/testing"},{"code":"path-resource","value":"input/history"},{"code":"path-resource","value":"fsh-generated/resources"},{"code":"path-pages","value":"template/config"},{"code":"path-pages","value":"input/images"},{"code":"path-tx-cache","value":"input-cache/txcache"}]}}